{
  "kappa_best": 1.4442969313121368,
  "kappa_median": 1.4429527755228782,
  "kappa_lower": 1.2467975520423762,
  "kappa_upper": 1.6401151890121526,
  "chi2_SM": 70.40455941782037,
  "chi2_USF": 13.901577265080217,
  "delta_chi2": 56.502982152740145
}